<?xml version="1.0" encoding="UTF-8"?>
<!DOCTYPE configuremap [
  <!ELEMENT configuremap (configure)+>
  <!ATTLIST configuremap xmlns CDATA #FIXED ''>
  <!ELEMENT configure EMPTY>
  <!ATTLIST configure xmlns CDATA #FIXED '' name NMTOKEN #REQUIRED
    value CDATA #REQUIRED>
]>
<!--
  ImageMagick build configuration.
-->
<configuremap>
  <configure name="CC" value="gcc"/>
  <configure name="CFLAGS" value="-I/home/ec2-user/im/compiled/delegates/include/libpng16   -I/home/ec2-user/im/compiled/delegates/include/freetype2 -I/home/ec2-user/im/compiled/delegates/include/libpng16     -fopenmp -Wall -g -O2 -mtune=haswell -fexceptions -pthread -DMAGICKCORE_HDRI_ENABLE=0 -DMAGICKCORE_QUANTUM_DEPTH=16"/>
  <configure name="CODER_PATH" value="/home/ec2-user/im/compiled/target/lib/ImageMagick-7.0.10/modules-Q16/coders"/>
  <configure name="CONFIGURE_PATH" value="/home/ec2-user/im/compiled/target/etc/ImageMagick-7/"/>
  <configure name="CONFIGURE" value="./configure  '--prefix' '/home/ec2-user/im/compiled/target' '--enable-shared=no' '--disable-shared' '--enable-static' '--enable-delegate-build' '--disable-dependency-tracking' '--without-modules' '--without-perl' '--without-x' '--without-magick-plus-plus' '--enable-hdri=no' '--disable-docs' '--with-jpeg=yes' '--with-png=yes' '--with-xml=yes' '--with-freetype=yes' 'LDFLAGS=-L/home/ec2-user/im/compiled/delegates/lib' 'LIBS=-lz -llzma -lm -lgcc -lc -lgomp' 'CPPFLAGS=-I/home/ec2-user/im/compiled/delegates/include -I/home/ec2-user/im/compiled/delegates/include/freetype2' 'PKG_CONFIG_PATH=/home/ec2-user/im/compiled/delegates/lib/pkgconfig/'"/>
  <configure name="COPYRIGHT" value="Copyright (C) 1999-2020 ImageMagick Studio LLC"/>
  <configure name="CPPFLAGS" value="-I/home/ec2-user/im/compiled/target/include/ImageMagick-7"/>
  <configure name="CXXFLAGS" value="-g -O2 -pthread"/>
  <configure name="CXX" value="g++"/>
  <configure name="DEFS" value="-DHAVE_CONFIG_H"/>
  <configure name="DELEGATES" value="mpeg freetype jng jpeg lzma png zlib zstd"/>
  <configure name="DISTCHECK_CONFIG_FLAGS" value="'CPPFLAGS=-I/home/ec2-user/im/compiled/delegates/include -I/home/ec2-user/im/compiled/delegates/include/freetype2' 'LDFLAGS=-L/home/ec2-user/im/compiled/delegates/lib' 'LIBS=-lz -llzma -lm -lgcc -lc -lgomp'  --disable-deprecated  --with-quantum-depth=16  --with-jemalloc=no  --with-umem=no  --with-autotrace=no  --with-gslib=no  --with-fontpath=  --with-rsvg=no  --with-perl=no "/>
  <configure name="DOCUMENTATION_PATH" value="/home/ec2-user/im/compiled/target/share/doc/ImageMagick-7"/>
  <configure name="EXEC-PREFIX" value="/home/ec2-user/im/compiled/target"/>
  <configure name="EXECUTABLE_PATH" value="/home/ec2-user/im/compiled/target/bin"/>
  <configure name="FEATURES" value="DPC Cipher OpenMP"/>
  <configure name="FILTER_PATH" value="/home/ec2-user/im/compiled/target/lib/ImageMagick-7.0.10/modules-Q16/filters"/>
  <configure name="GIT_REVISION" value="17283" />
  <configure name="HOST" value="x86_64-pc-linux-gnu"/>
  <configure name="INCLUDE_PATH" value="/home/ec2-user/im/compiled/target/include/ImageMagick-7"/>
  <configure name="LDFLAGS" value="-L/home/ec2-user/im/compiled/target/lib -L/home/ec2-user/im/compiled/delegates/lib"/>
  <configure name="LIBRARY_PATH" value="/home/ec2-user/im/compiled/target/lib/ImageMagick-7.0.10"/>
  <configure name="LIBS" value="-lz -llzma -lm -lgcc -lc -lgomp    -L/home/ec2-user/im/compiled/delegates/lib -lfreetype   -ljpeg    -L/home/ec2-user/im/compiled/delegates/lib -lpng16 -lz                 -llzma          -lz      -lm    -lpthread  -lgomp"/>
  <configure name="LIB_VERSION_NUMBER" value="7,0,10,15"/>
  <configure name="LIB_VERSION" value="0x70A"/>
  <configure name="NAME" value="ImageMagick"/>
  <configure name="PCFLAGS" value="-fopenmp -DMAGICKCORE_HDRI_ENABLE=0 -DMAGICKCORE_QUANTUM_DEPTH=16"/>
  <configure name="PREFIX" value="/home/ec2-user/im/compiled/target"/>
  <configure name="QuantumDepth" value="16"/>
  <configure name="RELEASE_DATE" value="2023-10-12"/>
  <configure name="SHAREARCH_PATH" value="/home/ec2-user/im/compiled/target/lib/ImageMagick-7.0.10/config-Q16"/>
  <configure name="SHARE_PATH" value="/home/ec2-user/im/compiled/target/share/ImageMagick-7"/>
  <configure name="TARGET_CPU" value="x86_64"/>
  <configure name="TARGET_OS" value="linux-gnu"/>
  <configure name="TARGET_VENDOR" value="pc"/>
  <configure name="VERSION" value="7.0.10"/>
  <configure name="WEBSITE" value="https://imagemagick.org"/>
</configuremap>
